"response","name","crp_id","cycle","state","party","chamber","first_elected","next_election","total","spent","cash_on_hand","debt","origin","source","last_updated"
"@attributes","Ackerman, Gary","N00001143","2012","NY","D","H","1983","2012","413789.72","415917.7","499906.04","0","Center for Responsive Politics","http://www.opensecrets.org/politicians/summary.php?cid=N00001143&cycle=2012","12/31/2011"
"@attributes","Adams, Sandy","N00030926","2012","FL","R","H","2010","2012","900863.56","875765.11","87211.65","100000","Center for Responsive Politics","http://www.opensecrets.org/politicians/summary.php?cid=N00030926&cycle=2012","12/31/2012"
"@attributes","Aderholt, Robert B","N00003028","2012","AL","R","H","1996","2012","1248945.28","1141724.52","153830.09","0","Center for Responsive Politics","http://www.opensecrets.org/politicians/summary.php?cid=N00003028&cycle=2012","12/31/2012"
"@attributes","Akaka, Daniel K","N00007653","2012","HI","D","S","1990","2012","271210","322508","29143","0","Center for Responsive Politics","http://www.opensecrets.org/politicians/summary.php?cid=N00007653&cycle=2012","09/30/2011"
"@attributes","Akin, Todd","N00009677","2012","MO","R","H","2000","2012","5676248.45","6165887.94","42486","239779","Center for Responsive Politics","http://www.opensecrets.org/politicians/summary.php?cid=N00009677&cycle=2012","12/31/2012"
"@attributes","Alexander, Lamar","N00009888","2012","TN","R","S","2002","2014","6372925","5602058","1010758","0","Center for Responsive Politics","http://www.opensecrets.org/politicians/summary.php?cid=N00009888&cycle=2012","12/31/2012"
"@attributes","Alexander, Rodney","N00025464","2012","LA","R","H","2002","2012","1375551.28","1132954.63","244645.06","0","Center for Responsive Politics","http://www.opensecrets.org/politicians/summary.php?cid=N00025464&cycle=2012","12/31/2012"
"@attributes","Altmire, Jason","N00027664","2012","PA","D","H","2006","2012","1636260.54","1643917.92","2006.58","0","Center for Responsive Politics","http://www.opensecrets.org/politicians/summary.php?cid=N00027664&cycle=2012","09/13/2012"
"@attributes","Amash, Justin","N00031938","2012","MI","R","H","2010","2012","1313802.88","1193610.96","77843.52","100000","Center for Responsive Politics","http://www.opensecrets.org/politicians/summary.php?cid=N00031938&cycle=2012","12/31/2012"
"@attributes","Amodei, Mark","N00031177","2012","NV","R","H","2011","2012","1313852.15","1129925.9","188551.25","19000","Center for Responsive Politics","http://www.opensecrets.org/politicians/summary.php?cid=N00031177&cycle=2012","12/31/2012"
"@attributes","Andrews, Robert E","N00000826","2012","NJ","D","H","1990","2012","1510757.47","1449946.64","491519.32","0","Center for Responsive Politics","http://www.opensecrets.org/politicians/summary.php?cid=N00000826&cycle=2012","12/31/2012"
"@attributes","Austria, Steve","N00029412","2012","OH","R","H","2008","2012","457335.01","221106.8","412267.96","0","Center for Responsive Politics","http://www.opensecrets.org/politicians/summary.php?cid=N00029412&cycle=2012","09/30/2011"
"@attributes","Ayotte, Kelly","N00030980","2012","NH","R","S","2010","2016","6129686","5437693","691987","10191","Center for Responsive Politics","http://www.opensecrets.org/politicians/summary.php?cid=N00030980&cycle=2012","12/31/2012"
"@attributes","Baca, Joe","N00007089","2012","CA","D","H","1999","2012","1046528.46","1162457.44","8535.87","30325.74","Center for Responsive Politics","http://www.opensecrets.org/politicians/summary.php?cid=N00007089&cycle=2012","12/31/2012"
"@attributes","Bachmann, Michele","N00027493","2012","MN","R","H","2006","2012","14995937","11946232","2070568","0","Center for Responsive Politics","http://www.opensecrets.org/politicians/summary.php?cid=N00027493&cycle=2012","12/31/2012"
"@attributes","Bachus, Spencer","N00008091","2012","AL","R","H","1992","2012","2725003.77","2904500.84","260462.29","0","Center for Responsive Politics","http://www.opensecrets.org/politicians/summary.php?cid=N00008091&cycle=2012","12/31/2012"
"@attributes","Baldwin, Tammy","N00004367","2012","WI","D","H","1998","2012","14643868.69","15204939.55","143852","0","Center for Responsive Politics","http://www.opensecrets.org/politicians/summary.php?cid=N00004367&cycle=2012","12/31/2012"
"@attributes","Barber, Ron","N00033981","2012","AZ","D","H","2012","2012","2776638.85","2690570.19","86068.66","0","Center for Responsive Politics","http://www.opensecrets.org/politicians/summary.php?cid=N00033981&cycle=2012","12/31/2012"
"@attributes","Barletta, Lou","N00025495","2012","PA","R","H","2010","2012","1334027.37","1335284.52","7897.02","284878.93","Center for Responsive Politics","http://www.opensecrets.org/politicians/summary.php?cid=N00025495&cycle=2012","12/31/2012"
"@attributes","Barrasso, John A","N00006236","2012","WY","R","S","2007","2012","7121673","4502827","2618844","0","Center for Responsive Politics","http://www.opensecrets.org/politicians/summary.php?cid=N00006236&cycle=2012","12/31/2012"
"@attributes","Barrow, John","N00026080","2012","GA","D","H","2004","2012","2876917.75","2880362.64","66947.58","0","Center for Responsive Politics","http://www.opensecrets.org/politicians/summary.php?cid=N00026080&cycle=2012","12/31/2012"
"@attributes","Bartlett, Roscoe G","N00002017","2012","MD","R","H","1992","2012","1151621.32","1362902.28","28609.86","0","Center for Responsive Politics","http://www.opensecrets.org/politicians/summary.php?cid=N00002017&cycle=2012","12/31/2012"
"@attributes","Barton, Joe","N00005656","2012","TX","R","H","1984","2012","1535592.48","2152615.75","905926.91","0","Center for Responsive Politics","http://www.opensecrets.org/politicians/summary.php?cid=N00005656&cycle=2012","12/31/2012"
"@attributes","Bass, Charles","N00000423","2012","NH","R","H","2010","2012","2066087.83","2072140.92","25622.94","0","Center for Responsive Politics","http://www.opensecrets.org/politicians/summary.php?cid=N00000423&cycle=2012","12/31/2012"
"@attributes","Bass, Karen","N00031877","2012","CA","D","H","2010","2012","692988.53","803966.15","52384.92","3297.59","Center for Responsive Politics","http://www.opensecrets.org/politicians/summary.php?cid=N00031877&cycle=2012","12/31/2012"
"@attributes","Baucus, Max","N00004643","2012","MT","D","S","1978","2014","12383551","10836569","3594923","0","Center for Responsive Politics","http://www.opensecrets.org/politicians/summary.php?cid=N00004643&cycle=2012","12/31/2012"
"@attributes","Becerra, Xavier","N00009774","2012","CA","D","H","1992","2012","1849999.56","1570150.91","901779.45","8427","Center for Responsive Politics","http://www.opensecrets.org/politicians/summary.php?cid=N00009774&cycle=2012","12/31/2012"
"@attributes","Begich, Mark","N00029901","2012","AK","D","S","2008","2014","6603913","5651650","952260","3225","Center for Responsive Politics","http://www.opensecrets.org/politicians/summary.php?cid=N00029901&cycle=2012","12/31/2012"
"@attributes","Benishek, Dan","N00031934","2012","MI","R","H","2010","2012","2221760.19","2128929.55","88651.76","128000","Center for Responsive Politics","http://www.opensecrets.org/politicians/summary.php?cid=N00031934&cycle=2012","12/31/2012"
"@attributes","Bennet, Michael F","N00030608","2012","CO","D","S","2009","2016","14178491","13742319","436197","500000","Center for Responsive Politics","http://www.opensecrets.org/politicians/summary.php?cid=N00030608&cycle=2012","12/31/2012"
"@attributes","Berg, Rick","N00031629","2012","ND","R","H","2010","2012","6502926","6344251","158673","100000","Center for Responsive Politics","http://www.opensecrets.org/politicians/summary.php?cid=N00031629&cycle=2012","12/31/2012"
"@attributes","Berkley, Shelley","N00009818","2012","NV","D","H","1998","2012","10547187.54","11624756.21","15723","249000","Center for Responsive Politics","http://www.opensecrets.org/politicians/summary.php?cid=N00009818&cycle=2012","12/31/2012"
"@attributes","Berman, Howard L","N00008094","2012","CA","D","H","1982","2012","4684925.65","5772180.46","512.23","15000.6","Center for Responsive Politics","http://www.opensecrets.org/politicians/summary.php?cid=N00008094&cycle=2012","12/31/2012"
"@attributes","Biggert, Judy","N00004762","2012","IL","R","H","1998","2012","2909765.79","3235188.83","67410.14","293250","Center for Responsive Politics","http://www.opensecrets.org/politicians/summary.php?cid=N00004762&cycle=2012","12/31/2012"
"@attributes","Bilbray, Brian P","N00006981","2012","CA","R","H","2006","2012","2659541.26","2772270.37","45649.86","0","Center for Responsive Politics","http://www.opensecrets.org/politicians/summary.php?cid=N00006981&cycle=2012","12/31/2012"
"@attributes","Bilirakis, Gus","N00027462","2012","FL","R","H","2006","2012","758988.49","919050.25","47968.43","0","Center for Responsive Politics","http://www.opensecrets.org/politicians/summary.php?cid=N00027462&cycle=2012","12/31/2012"
"@attributes","Bingaman, Jeff","N00006518","2012","NM","D","S","1982","2012","926490","1835670","157024","0","Center for Responsive Politics","http://www.opensecrets.org/politicians/summary.php?cid=N00006518&cycle=2012","09/30/2011"
"@attributes","Bishop, Rob","N00025292","2012","UT","R","H","2002","2012","353367.37","403467.05","14110.29","49859.2","Center for Responsive Politics","http://www.opensecrets.org/politicians/summary.php?cid=N00025292&cycle=2012","12/31/2012"
"@attributes","Bishop, Sanford","N00002674","2012","GA","D","H","1992","2012","1290956","1301603.64","9856.32","40663.63","Center for Responsive Politics","http://www.opensecrets.org/politicians/summary.php?cid=N00002674&cycle=2012","12/31/2012"
"@attributes","Bishop, Timothy H","N00025413","2012","NY","D","H","2002","2012","2731218.03","3031035.92","6969.47","0","Center for Responsive Politics","http://www.opensecrets.org/politicians/summary.php?cid=N00025413&cycle=2012","12/31/2012"
"@attributes","Black, Diane","N00031539","2012","TN","R","H","2010","2012","2437229.66","2153237.88","319545.33","0","Center for Responsive Politics","http://www.opensecrets.org/politicians/summary.php?cid=N00031539&cycle=2012","12/31/2012"
"@attributes","Blackburn, Marsha","N00003105","2012","TN","R","H","2002","2012","1779731.37","1408632.56","1220155.61","7402.28","Center for Responsive Politics","http://www.opensecrets.org/politicians/summary.php?cid=N00003105&cycle=2012","12/31/2012"
"@attributes","Blumenauer, Earl","N00007727","2012","OR","D","H","1996","2012","1185141.92","981705.69","632645.24","0","Center for Responsive Politics","http://www.opensecrets.org/politicians/summary.php?cid=N00007727&cycle=2012","12/31/2012"
"@attributes","Blumenthal, Richard","N00031685","2012","CT","D","S","2010","2016","9166289","9098323","67962","272876","Center for Responsive Politics","http://www.opensecrets.org/politicians/summary.php?cid=N00031685&cycle=2012","12/31/2012"
"@attributes","Blunt, Roy","N00005195","2012","MO","R","S","2010","2016","13047770","13309444","74733","0","Center for Responsive Politics","http://www.opensecrets.org/politicians/summary.php?cid=N00005195&cycle=2012","12/31/2012"
"@attributes","Boehner, John","N00003675","2012","OH","R","H","1990","2012","22024288.2","21197801.38","952828.44","0","Center for Responsive Politics","http://www.opensecrets.org/politicians/summary.php?cid=N00003675&cycle=2012","12/31/2012"
"@attributes","Bonamici, Suzanne","N00033474","2012","OR","D","H","2012","2012","2488255.98","2280581.79","207674.19","200000","Center for Responsive Politics","http://www.opensecrets.org/politicians/summary.php?cid=N00033474&cycle=2012","12/31/2012"
"@attributes","Bonner, Jo","N00025330","2012","AL","R","H","2002","2012","1140566.63","1263168.28","157209.22","0","Center for Responsive Politics","http://www.opensecrets.org/politicians/summary.php?cid=N00025330&cycle=2012","12/31/2012"
"@attributes","Bono Mack, Mary","N00007068","2012","CA","R","H","1998","2012","2258741.4","2423515.64","78113.09","0","Center for Responsive Politics","http://www.opensecrets.org/politicians/summary.php?cid=N00007068&cycle=2012","12/31/2012"
"@attributes","Boozman, John","N00013873","2012","AR","R","S","2010","2016","3957753","3879014","100069","0","Center for Responsive Politics","http://www.opensecrets.org/politicians/summary.php?cid=N00013873&cycle=2012","12/31/2012"
"@attributes","Bordallo, Madeleine Z","N00024866","2012","GU","D","D","2002","2012","254070","495140.85","93708.09","0","Center for Responsive Politics","http://www.opensecrets.org/politicians/summary.php?cid=N00024866&cycle=2012","12/31/2012"
"@attributes","Boren, Dan","N00026481","2012","OK","D","H","2004","2012","257368.33","380660.51","771967.91","0","Center for Responsive Politics","http://www.opensecrets.org/politicians/summary.php?cid=N00026481&cycle=2012","09/30/2011"
"@attributes","Boswell, Leonard","N00004208","2012","IA","D","H","1996","2012","1747775.66","1766438.74","46612.69","0","Center for Responsive Politics","http://www.opensecrets.org/politicians/summary.php?cid=N00004208&cycle=2012","12/31/2012"
"@attributes","Boustany, Charles W Jr","N00026595","2012","LA","R","H","2004","2012","4496593.86","4867555.13","190368.07","0","Center for Responsive Politics","http://www.opensecrets.org/politicians/summary.php?cid=N00026595&cycle=2012","12/31/2012"
"@attributes","Boxer, Barbara","N00006692","2012","CA","D","S","1992","2016","18549424.9","8967567.11","279205","0","Center for Responsive Politics","http://www.opensecrets.org/politicians/summary.php?cid=N00006692&cycle=2012","12/31/2012"
"@attributes","Brady, Kevin","N00005883","2012","TX","R","H","1996","2012","1385893.57","1268522.45","317257.53","33500","Center for Responsive Politics","http://www.opensecrets.org/politicians/summary.php?cid=N00005883&cycle=2012","12/31/2012"
"@attributes","Brady, Robert A","N00001619","2012","PA","D","H","1998","2012","746273.09","870046.05","578057.76","29423.34","Center for Responsive Politics","http://www.opensecrets.org/politicians/summary.php?cid=N00001619&cycle=2012","12/31/2012"
"@attributes","Braley, Bruce","N00027464","2012","IA","D","H","2006","2012","2687007.57","2664440.22","51462.85","659.25","Center for Responsive Politics","http://www.opensecrets.org/politicians/summary.php?cid=N00027464&cycle=2012","12/31/2012"
"@attributes","Brooks, Mo","N00030910","2012","AL","R","H","2010","2012","904753.18","455514.82","499658.59","0","Center for Responsive Politics","http://www.opensecrets.org/politicians/summary.php?cid=N00030910&cycle=2012","12/31/2012"
"@attributes","Broun, Paul","N00028986","2012","GA","R","H","2007","2012","1351218.47","1226800.79","155566.52","0","Center for Responsive Politics","http://www.opensecrets.org/politicians/summary.php?cid=N00028986&cycle=2012","12/31/2012"
"@attributes","Brown, Corrine","N00002713","2012","FL","D","H","1992","2012","610071.75","613190.36","1117.75","24595.67","Center for Responsive Politics","http://www.opensecrets.org/politicians/summary.php?cid=N00002713&cycle=2012","12/31/2012"
"@attributes","Brown, Scott","N00031174","2012","MA","R","S","2010","2012","28159602","35058354","287461","0","Center for Responsive Politics","http://www.opensecrets.org/politicians/summary.php?cid=N00031174&cycle=2012","12/31/2012"
"@attributes","Brown, Sherrod","N00003535","2012","OH","D","S","2006","2012","24840222","24576288","551089","38651","Center for Responsive Politics","http://www.opensecrets.org/politicians/summary.php?cid=N00003535&cycle=2012","12/31/2012"
"@attributes","Buchanan, Vernon","N00027626","2012","FL","R","H","2006","2012","2209719.1","2667717.07","125656.55","250000","Center for Responsive Politics","http://www.opensecrets.org/politicians/summary.php?cid=N00027626&cycle=2012","12/31/2012"
"@attributes","Bucshon, Larry","N00031227","2012","IN","R","H","2010","2012","1370641.38","1388671.8","88.85","11035.76","Center for Responsive Politics","http://www.opensecrets.org/politicians/summary.php?cid=N00031227&cycle=2012","12/31/2012"
"@attributes","Buerkle, Ann Marie","N00031640","2012","NY","R","H","2010","2012","2021185.47","2059234.85","25614.43","15000","Center for Responsive Politics","http://www.opensecrets.org/politicians/summary.php?cid=N00031640&cycle=2012","12/31/2012"
"@attributes","Burgess, Michael","N00025219","2012","TX","R","H","2002","2012","1054607.15","990101.27","95434.86","0","Center for Responsive Politics","http://www.opensecrets.org/politicians/summary.php?cid=N00025219&cycle=2012","12/31/2012"
"@attributes","Burr, Richard","N00002221","2012","NC","R","S","2004","2016","9747606","5981916","915707","0","Center for Responsive Politics","http://www.opensecrets.org/politicians/summary.php?cid=N00002221&cycle=2012","12/31/2012"
"@attributes","Burton, Dan","N00000010","2012","IN","R","H","1982","2012","405423.3","204587.1","408255.56","0","Center for Responsive Politics","http://www.opensecrets.org/politicians/summary.php?cid=N00000010&cycle=2012","12/31/2011"
"@attributes","Butterfield, G K","N00027035","2012","NC","D","H","2004","2012","901274.34","836321.78","238368.3","0","Center for Responsive Politics","http://www.opensecrets.org/politicians/summary.php?cid=N00027035&cycle=2012","12/31/2012"
"@attributes","Calvert, Ken","N00007099","2012","CA","R","H","1992","2012","1091572.66","847022.87","419344.28","3820.5","Center for Responsive Politics","http://www.opensecrets.org/politicians/summary.php?cid=N00007099&cycle=2012","12/31/2012"
"@attributes","Camp, Dave","N00008086","2012","MI","R","H","1990","2012","4476144.59","3299097.53","2653090.38","0","Center for Responsive Politics","http://www.opensecrets.org/politicians/summary.php?cid=N00008086&cycle=2012","12/31/2012"
"@attributes","Campbell, John","N00027565","2012","CA","R","H","2005","2012","1285137.64","1421706.01","581294.27","7655.44","Center for Responsive Politics","http://www.opensecrets.org/politicians/summary.php?cid=N00027565&cycle=2012","12/31/2012"
"@attributes","Canseco, Francisco","N00026722","2012","TX","R","H","2010","2012","2712704.43","2534134.93","319533.25","1161270","Center for Responsive Politics","http://www.opensecrets.org/politicians/summary.php?cid=N00026722&cycle=2012","12/31/2012"
"@attributes","Cantor, Eric","N00013131","2012","VA","R","H","2000","2012","7632717.43","7477917.43","1080247.45","0","Center for Responsive Politics","http://www.opensecrets.org/politicians/summary.php?cid=N00013131&cycle=2012","12/31/2012"
"@attributes","Cantwell, Maria","N00007836","2012","WA","D","S","2000","2012","11978158","11198862","754289","2177453","Center for Responsive Politics","http://www.opensecrets.org/politicians/summary.php?cid=N00007836&cycle=2012","12/31/2012"
"@attributes","Capito, Shelley Moore","N00009771","2012","WV","R","H","2000","2012","2449473.47","3001166.53","32028.81","0","Center for Responsive Politics","http://www.opensecrets.org/politicians/summary.php?cid=N00009771&cycle=2012","12/31/2012"
"@attributes","Capps, Lois","N00007232","2012","CA","D","H","1998","2012","3320070.72","3286649.92","354430.55","0","Center for Responsive Politics","http://www.opensecrets.org/politicians/summary.php?cid=N00007232&cycle=2012","12/31/2012"
"@attributes","Capuano, Michael E","N00000267","2012","MA","D","H","1998","2012","909487.24","595431.79","482483.02","0","Center for Responsive Politics","http://www.opensecrets.org/politicians/summary.php?cid=N00000267&cycle=2012","12/31/2012"
"@attributes","Cardin, Ben","N00001955","2012","MD","D","S","2006","2012","6908143","6281916","726870","0","Center for Responsive Politics","http://www.opensecrets.org/politicians/summary.php?cid=N00001955&cycle=2012","12/31/2012"
"@attributes","Cardoza, Dennis","N00024874","2012","CA","D","H","2002","2012","212385.14","197425.79","62471.97","0","Center for Responsive Politics","http://www.opensecrets.org/politicians/summary.php?cid=N00024874&cycle=2012","09/30/2011"
"@attributes","Carnahan, Russ","N00005181","2012","MO","D","H","2004","2012","1330565.99","1343817.91","2955.59","20847.12","Center for Responsive Politics","http://www.opensecrets.org/politicians/summary.php?cid=N00005181&cycle=2012","12/31/2012"
"@attributes","Carney, John","N00030736","2012","DE","D","H","2010","2012","1526892.72","1016701.58","521357.12","0","Center for Responsive Politics","http://www.opensecrets.org/politicians/summary.php?cid=N00030736&cycle=2012","12/31/2012"
"@attributes","Carper, Tom","N00012508","2012","DE","D","S","2000","2012","4882503","5324026","853377","0","Center for Responsive Politics","http://www.opensecrets.org/politicians/summary.php?cid=N00012508&cycle=2012","12/31/2012"
"@attributes","Carson, Andre","N00029513","2012","IN","D","H","2008","2012","1124041.82","1027625.01","312476.06","0","Center for Responsive Politics","http://www.opensecrets.org/politicians/summary.php?cid=N00029513&cycle=2012","12/31/2012"
"@attributes","Carter, John","N00025095","2012","TX","R","H","2002","2012","885683.63","757982.69","464659.2","0","Center for Responsive Politics","http://www.opensecrets.org/politicians/summary.php?cid=N00025095&cycle=2012","12/31/2012"
"@attributes","Casey, Bob","N00027503","2012","PA","D","S","2006","2012","14113233","14341536","114543","0","Center for Responsive Politics","http://www.opensecrets.org/politicians/summary.php?cid=N00027503&cycle=2012","12/31/2012"
"@attributes","Cassidy, Bill","N00030245","2012","LA","R","H","2008","2012","1797931.07","653527.92","2033473.45","0","Center for Responsive Politics","http://www.opensecrets.org/politicians/summary.php?cid=N00030245&cycle=2012","12/31/2012"
"@attributes","Castor, Kathy","N00027514","2012","FL","D","H","2006","2012","1020415.31","801763.55","545848.19","0","Center for Responsive Politics","http://www.opensecrets.org/politicians/summary.php?cid=N00027514&cycle=2012","12/31/2012"
"@attributes","Chabot, Steve","N00003689","2012","OH","R","H","2010","2012","1068815.87","737763.86","338579.93","0","Center for Responsive Politics","http://www.opensecrets.org/politicians/summary.php?cid=N00003689&cycle=2012","12/31/2012"
"@attributes","Chaffetz, Jason","N00028958","2012","UT","R","H","2008","2012","807594.7","830114.5","117793.29","0","Center for Responsive Politics","http://www.opensecrets.org/politicians/summary.php?cid=N00028958&cycle=2012","12/31/2012"
"@attributes","Chambliss, Saxby","N00002685","2012","GA","R","S","2002","2014","16424386","17009823","1495057","0","Center for Responsive Politics","http://www.opensecrets.org/politicians/summary.php?cid=N00002685&cycle=2012","12/31/2012"
"@attributes","Chandler, Ben","N00026591","2012","KY","D","H","2004","2012","2403028.68","2533044.02","1619.94","0","Center for Responsive Politics","http://www.opensecrets.org/politicians/summary.php?cid=N00026591&cycle=2012","12/31/2012"
"@attributes","Christian-Christensen, Donna","N00000133","2012","VI","D","D","1996","2012","330274.09","344404.17","-6490.32","11561.63","Center for Responsive Politics","http://www.opensecrets.org/politicians/summary.php?cid=N00000133&cycle=2012","12/31/2012"
"@attributes","Chu, Judy","N00030600","2012","CA","D","H","2009","2012","1468072.1","803348.1","1256637.83","2033.88","Center for Responsive Politics","http://www.opensecrets.org/politicians/summary.php?cid=N00030600&cycle=2012","12/31/2012"
"@attributes","Cicilline, David","N00032019","2012","RI","D","H","2010","2012","2394676.73","2415518.02","16720.92","70000","Center for Responsive Politics","http://www.opensecrets.org/politicians/summary.php?cid=N00032019&cycle=2012","12/31/2012"
"@attributes","Clarke, Hansen","N00031945","2012","MI","D","H","2010","2012","730170.17","940258.4","2950.92","0","Center for Responsive Politics","http://www.opensecrets.org/politicians/summary.php?cid=N00031945&cycle=2012","12/31/2012"
"@attributes","Clarke, Yvette D","N00026961","2012","NY","D","H","2006","2012","736310.13","772479.97","33527.87","78748.62","Center for Responsive Politics","http://www.opensecrets.org/politicians/summary.php?cid=N00026961&cycle=2012","12/31/2012"
"@attributes","Clay, William L Jr","N00012460","2012","MO","D","H","2000","2012","866834.99","991857.04","118356.18","0","Center for Responsive Politics","http://www.opensecrets.org/politicians/summary.php?cid=N00012460&cycle=2012","12/31/2012"
"@attributes","Cleaver, Emanuel","N00026790","2012","MO","D","H","2004","2012","1155849.08","1191843.18","133429.34","0","Center for Responsive Politics","http://www.opensecrets.org/politicians/summary.php?cid=N00026790&cycle=2012","12/31/2012"
"@attributes","Clyburn, James E","N00002408","2012","SC","D","H","1992","2012","2388048.33","2223870.46","1233310.01","0","Center for Responsive Politics","http://www.opensecrets.org/politicians/summary.php?cid=N00002408&cycle=2012","12/31/2012"
"@attributes","Coats, Dan","N00003845","2012","IN","R","S","2010","2016","5266196","4967405","241739","0","Center for Responsive Politics","http://www.opensecrets.org/politicians/summary.php?cid=N00003845&cycle=2012","12/31/2012"
"@attributes","Coble, Howard","N00002247","2012","NC","R","H","1984","2012","531611.09","639502.76","78560.42","0","Center for Responsive Politics","http://www.opensecrets.org/politicians/summary.php?cid=N00002247&cycle=2012","12/31/2012"
"@attributes","Coburn, Tom","N00005601","2012","OK","R","S","2004","2016","2298468","2993134","120399","0","Center for Responsive Politics","http://www.opensecrets.org/politicians/summary.php?cid=N00005601&cycle=2012","12/31/2012"
"@attributes","Cochran, Thad","N00003328","2012","MS","R","S","1978","2014","2660993","2526883","480184","0","Center for Responsive Politics","http://www.opensecrets.org/politicians/summary.php?cid=N00003328&cycle=2012","12/31/2012"
"@attributes","Coffman, Mike","N00024753","2012","CO","R","H","2008","2012","3441282.7","3838136.52","7832.78","36224.43","Center for Responsive Politics","http://www.opensecrets.org/politicians/summary.php?cid=N00024753&cycle=2012","12/31/2012"
"@attributes","Cohen, Steve","N00003225","2012","TN","D","H","2006","2012","831885.68","820326.73","800407.2","0","Center for Responsive Politics","http://www.opensecrets.org/politicians/summary.php?cid=N00003225&cycle=2012","12/31/2012"
"@attributes","Cole, Tom","N00025726","2012","OK","R","H","2002","2012","1016545.82","773950.43","792630.17","0","Center for Responsive Politics","http://www.opensecrets.org/politicians/summary.php?cid=N00025726&cycle=2012","12/31/2012"
"@attributes","Collins, Susan M","N00000491","2012","ME","R","S","1996","2014","8661651","8176087","921220","0","Center for Responsive Politics","http://www.opensecrets.org/politicians/summary.php?cid=N00000491&cycle=2012","12/31/2012"
"@attributes","Conaway, Mike","N00026041","2012","TX","R","H","2004","2012","1350629.71","1206227.65","606060.98","0","Center for Responsive Politics","http://www.opensecrets.org/politicians/summary.php?cid=N00026041&cycle=2012","12/31/2012"
"@attributes","Connolly, Gerry","N00029891","2012","VA","D","H","2008","2012","2241573.23","1396232.09","867945.88","0","Center for Responsive Politics","http://www.opensecrets.org/politicians/summary.php?cid=N00029891&cycle=2012","12/31/2012"
"@attributes","Conrad, Kent","N00004613","2012","ND","D","S","1986","2012","1502492","2345323","1173018","0","Center for Responsive Politics","http://www.opensecrets.org/politicians/summary.php?cid=N00004613&cycle=2012","09/30/2011"
"@attributes","Conyers, John Jr","N00004029","2012","MI","D","H","1964","2012","1044468.12","990584.78","63322.67","0","Center for Responsive Politics","http://www.opensecrets.org/politicians/summary.php?cid=N00004029&cycle=2012","12/31/2012"
"@attributes","Coons, Chris","N00031820","2012","DE","D","S","2010","2016","4908419","4101557","806862","0","Center for Responsive Politics","http://www.opensecrets.org/politicians/summary.php?cid=N00031820&cycle=2012","12/31/2012"
"@attributes","Cooper, Jim","N00003132","2012","TN","D","H","2002","2012","1213184.51","664008.33","693328.32","0","Center for Responsive Politics","http://www.opensecrets.org/politicians/summary.php?cid=N00003132&cycle=2012","12/31/2012"
"@attributes","Corker, Bob","N00027441","2012","TN","R","S","2006","2012","14412168","8472064","5676609","0","Center for Responsive Politics","http://www.opensecrets.org/politicians/summary.php?cid=N00027441&cycle=2012","12/31/2012"
"@attributes","Cornyn, John","N00024852","2012","TX","R","S","2002","2014","18060692","18476306","2671655","0","Center for Responsive Politics","http://www.opensecrets.org/politicians/summary.php?cid=N00024852&cycle=2012","12/31/2012"
"@attributes","Costa, Jim","N00026341","2012","CA","D","H","2004","2012","1483125.53","1274918.69","210609.24","27484.28","Center for Responsive Politics","http://www.opensecrets.org/politicians/summary.php?cid=N00026341&cycle=2012","12/31/2012"
"@attributes","Costello, Jerry F","N00004956","2012","IL","D","H","1988","2012","453858.2","241779.78","2218949.05","0","Center for Responsive Politics","http://www.opensecrets.org/politicians/summary.php?cid=N00004956&cycle=2012","09/30/2011"
"@attributes","Courtney, Joe","N00024842","2012","CT","D","H","2006","2012","1520758.75","1449934.62","306383.17","0","Center for Responsive Politics","http://www.opensecrets.org/politicians/summary.php?cid=N00024842&cycle=2012","12/31/2012"
"@attributes","Crapo, Mike","N00006267","2012","ID","R","S","1998","2016","5261398","3355512","3464400","0","Center for Responsive Politics","http://www.opensecrets.org/politicians/summary.php?cid=N00006267&cycle=2012","12/31/2012"
"@attributes","Cravaack, Chip","N00031623","2012","MN","R","H","2010","2012","2374759.79","2385665.5","18014.4","0","Center for Responsive Politics","http://www.opensecrets.org/politicians/summary.php?cid=N00031623&cycle=2012","12/31/2012"
"@attributes","Crawford, Rick","N00030770","2012","AR","R","H","2010","2012","1338445.93","1211036.11","155981.82","0","Center for Responsive Politics","http://www.opensecrets.org/politicians/summary.php?cid=N00030770&cycle=2012","12/31/2012"
"@attributes","Crenshaw, Ander","N00012739","2012","FL","R","H","2000","2012","543226.67","721657.11","369182.94","0","Center for Responsive Politics","http://www.opensecrets.org/politicians/summary.php?cid=N00012739&cycle=2012","12/31/2012"
"@attributes","Critz, Mark","N00032014","2012","PA","D","H","2010","2012","2600190.08","2605184.24","3896.21","76723.33","Center for Responsive Politics","http://www.opensecrets.org/politicians/summary.php?cid=N00032014&cycle=2012","12/31/2012"
"@attributes","Crowley, Joseph","N00001127","2012","NY","D","H","1998","2012","2577592.02","2722991.15","788652.14","0","Center for Responsive Politics","http://www.opensecrets.org/politicians/summary.php?cid=N00001127&cycle=2012","12/31/2012"
"@attributes","Cuellar, Henry","N00024978","2012","TX","D","H","2004","2012","1672433.49","1279635.52","745369.64","0","Center for Responsive Politics","http://www.opensecrets.org/politicians/summary.php?cid=N00024978&cycle=2012","12/31/2012"
"@attributes","Culberson, John","N00009738","2012","TX","R","H","2000","2012","842045.37","846830.82","32396.11","0","Center for Responsive Politics","http://www.opensecrets.org/politicians/summary.php?cid=N00009738&cycle=2012","12/31/2012"
"@attributes","Cummings, Elijah E","N00001971","2012","MD","D","H","1996","2012","795483.37","842134.99","780052.38","0","Center for Responsive Politics","http://www.opensecrets.org/politicians/summary.php?cid=N00001971&cycle=2012","12/31/2012"
"@attributes","Davis, Danny K","N00004884","2012","IL","D","H","1996","2012","372212.44","467560.04","180999.44","60296.97","Center for Responsive Politics","http://www.opensecrets.org/politicians/summary.php?cid=N00004884&cycle=2012","12/31/2012"
"@attributes","Davis, Geoff","N00024862","2012","KY","R","H","2004","2012","524546.75","377195.83","574086.27","0","Center for Responsive Politics","http://www.opensecrets.org/politicians/summary.php?cid=N00024862&cycle=2012","12/31/2011"
"@attributes","Davis, Susan A","N00009604","2012","CA","D","H","2000","2012","647361.55","952515.18","172720.09","0","Center for Responsive Politics","http://www.opensecrets.org/politicians/summary.php?cid=N00009604&cycle=2012","12/31/2012"
"@attributes","DeFazio, Peter","N00007781","2012","OR","D","H","1986","2012","1333331.11","1401801.78","126039.97","0","Center for Responsive Politics","http://www.opensecrets.org/politicians/summary.php?cid=N00007781&cycle=2012","12/31/2012"
"@attributes","DeGette, Diana","N00006134","2012","CO","D","H","1996","2012","1051538.17","1098046.15","62321.36","0","Center for Responsive Politics","http://www.opensecrets.org/politicians/summary.php?cid=N00006134&cycle=2012","12/31/2012"
"@attributes","DeLauro, Rosa L","N00000615","2012","CT","D","H","1990","2012","1175607.54","1169821.23","10971.26","0","Center for Responsive Politics","http://www.opensecrets.org/politicians/summary.php?cid=N00000615&cycle=2012","12/31/2012"
"@attributes","DeMint, Jim","N00002472","2012","SC","R","S","2004","2016","6309804","5887026","682397","0","Center for Responsive Politics","http://www.opensecrets.org/politicians/summary.php?cid=N00002472&cycle=2012","12/31/2012"
"@attributes","Denham, Jeff","N00031593","2012","CA","R","H","2010","2012","2756588.82","2647697.84","155472.27","5711.38","Center for Responsive Politics","http://www.opensecrets.org/politicians/summary.php?cid=N00031593&cycle=2012","12/31/2012"
"@attributes","Dent, Charlie","N00026171","2012","PA","R","H","2004","2012","1706451.47","1511724.42","235006.41","0","Center for Responsive Politics","http://www.opensecrets.org/politicians/summary.php?cid=N00026171&cycle=2012","12/31/2012"
"@attributes","Desjarlais, Scott","N00030957","2012","TN","R","H","2010","2012","1260459.29","1266553.7","9336.73","0","Center for Responsive Politics","http://www.opensecrets.org/politicians/summary.php?cid=N00030957&cycle=2012","12/31/2012"
"@attributes","Deutch, Ted","N00031317","2012","FL","D","H","2010","2012","1264158.45","921298.24","471266.38","0","Center for Responsive Politics","http://www.opensecrets.org/politicians/summary.php?cid=N00031317&cycle=2012","12/31/2012"
"@attributes","Diaz-Balart, Mario","N00025337","2012","FL","R","H","2002","2012","852973.17","769587.43","298471.17","0","Center for Responsive Politics","http://www.opensecrets.org/politicians/summary.php?cid=N00025337&cycle=2012","12/31/2012"
"@attributes","Dicks, Norm","N00007918","2012","WA","D","H","1976","2012","629113.49","378462.74","522123.78","0","Center for Responsive Politics","http://www.opensecrets.org/politicians/summary.php?cid=N00007918&cycle=2012","12/31/2011"
"@attributes","Dingell, John D","N00001783","2012","MI","D","H","1955","2012","1444696.44","1090720.81","387065.14","0","Center for Responsive Politics","http://www.opensecrets.org/politicians/summary.php?cid=N00001783&cycle=2012","12/31/2012"
"@attributes","Doggett, Lloyd","N00006023","2012","TX","D","H","2004","2012","1744502.64","1977379.71","2610459.55","0","Center for Responsive Politics","http://www.opensecrets.org/politicians/summary.php?cid=N00006023&cycle=2012","12/31/2012"
"@attributes","Dold, Robert","N00031103","2012","IL","R","H","2010","2012","4569085.11","4543048.98","107293.29","5389.61","Center for Responsive Politics","http://www.opensecrets.org/politicians/summary.php?cid=N00031103&cycle=2012","12/31/2012"
"@attributes","Donnelly, Joe","N00026586","2012","IN","D","H","2006","2012","5661997.36","5579171.08","93936","98430","Center for Responsive Politics","http://www.opensecrets.org/politicians/summary.php?cid=N00026586&cycle=2012","12/31/2012"
"@attributes","Doyle, Mike","N00001373","2012","PA","D","H","1994","2012","870614.07","757648.99","213581.72","0","Center for Responsive Politics","http://www.opensecrets.org/politicians/summary.php?cid=N00001373&cycle=2012","12/31/2012"
"@attributes","Dreier, David","N00006932","2012","CA","R","H","1980","2012","121777.57","146795.69","729576.91","0","Center for Responsive Politics","http://www.opensecrets.org/politicians/summary.php?cid=N00006932&cycle=2012","12/31/2011"
"@attributes","Duffy, Sean P","N00030967","2012","WI","R","H","2010","2012","2647209.9","2601113.23","105183.08","0","Center for Responsive Politics","http://www.opensecrets.org/politicians/summary.php?cid=N00030967&cycle=2012","12/31/2012"
"@attributes","Duncan, Jeff","N00030752","2012","SC","R","H","2010","2012","698727.84","598246.51","132041.56","0","Center for Responsive Politics","http://www.opensecrets.org/politicians/summary.php?cid=N00030752&cycle=2012","12/31/2012"
"@attributes","Duncan, John J Jr","N00003209","2012","TN","R","H","1988","2012","650921.79","548500.62","1569583.96","0","Center for Responsive Politics","http://www.opensecrets.org/politicians/summary.php?cid=N00003209&cycle=2012","12/31/2012"
"@attributes","Durbin, Dick","N00004981","2012","IL","D","S","1996","2014","10581956.35","10926564","2590707","0","Center for Responsive Politics","http://www.opensecrets.org/politicians/summary.php?cid=N00004981&cycle=2012","12/31/2012"
"@attributes","Edwards, Donna","N00028249","2012","MD","D","H","2008","2012","783055.51","774458.79","20934.18","10020","Center for Responsive Politics","http://www.opensecrets.org/politicians/summary.php?cid=N00028249&cycle=2012","12/31/2012"
"@attributes","Ellison, Keith","N00028257","2012","MN","D","H","2006","2012","2053544.11","2160553.78","56569.76","0","Center for Responsive Politics","http://www.opensecrets.org/politicians/summary.php?cid=N00028257&cycle=2012","12/31/2012"
"@attributes","Ellmers, Renee","N00031513","2012","NC","R","H","2010","2012","1086869.93","1190907.49","127730.53","44297.52","Center for Responsive Politics","http://www.opensecrets.org/politicians/summary.php?cid=N00031513&cycle=2012","12/31/2012"
"@attributes","Emerson, Jo Ann","N00005090","2012","MO","R","H","1996","2012","1516761.37","1438336.25","86268.22","0","Center for Responsive Politics","http://www.opensecrets.org/politicians/summary.php?cid=N00005090&cycle=2012","12/31/2012"
"@attributes","Engel, Eliot L","N00001003","2012","NY","D","H","1988","2012","1062605.76","1182936.79","51286.29","0","Center for Responsive Politics","http://www.opensecrets.org/politicians/summary.php?cid=N00001003&cycle=2012","12/31/2012"
"@attributes","Ensign, John","N00006619","2012","NV","R","S","2000","2012","886847","2184510","4370","45574","Center for Responsive Politics","http://www.opensecrets.org/politicians/summary.php?cid=N00006619&cycle=2012","09/30/2011"
"@attributes","Enzi, Mike","N00006249","2012","WY","R","S","1996","2014","2112134","2017989","275211","0","Center for Responsive Politics","http://www.opensecrets.org/politicians/summary.php?cid=N00006249&cycle=2012","12/31/2012"
"@attributes","Eshoo, Anna","N00007335","2012","CA","D","H","1992","2012","1489802.48","1629523.88","373558.46","4636.7","Center for Responsive Politics","http://www.opensecrets.org/politicians/summary.php?cid=N00007335&cycle=2012","12/31/2012"
"@attributes","Faleomavaega, Eni F H","N00007632","2012","AS","D","D","1988","2012","110570","100585.9","10202.4","0","Center for Responsive Politics","http://www.opensecrets.org/politicians/summary.php?cid=N00007632&cycle=2012","12/31/2012"
"@attributes","Farenthold, Blake","N00031672","2012","TX","R","H","2010","2012","1153105.4","1182936.31","1472.72","174570.73","Center for Responsive Politics","http://www.opensecrets.org/politicians/summary.php?cid=N00031672&cycle=2012","12/31/2012"
"@attributes","Farr, Sam","N00007312","2012","CA","D","H","1993","2012","735679.32","727205.98","73918.48","2763.41","Center for Responsive Politics","http://www.opensecrets.org/politicians/summary.php?cid=N00007312&cycle=2012","12/31/2012"
"@attributes","Fattah, Chaka","N00001746","2012","PA","D","H","1994","2012","554638.34","525952.05","29868.77","0","Center for Responsive Politics","http://www.opensecrets.org/politicians/summary.php?cid=N00001746&cycle=2012","12/31/2012"
"@attributes","Feinstein, Dianne","N00007364","2012","CA","D","S","1992","2012","9797542","12152230","865541","373734","Center for Responsive Politics","http://www.opensecrets.org/politicians/summary.php?cid=N00007364&cycle=2012","12/31/2012"
"@attributes","Filner, Bob","N00007033","2012","CA","D","H","1992","2012","139217.97","140026.85","5457.34","1284.92","Center for Responsive Politics","http://www.opensecrets.org/politicians/summary.php?cid=N00007033&cycle=2012","09/30/2011"
"@attributes","Fincher, Steve","N00031141","2012","TN","R","H","2010","2012","2251745.71","911702.99","1449567.21","0","Center for Responsive Politics","http://www.opensecrets.org/politicians/summary.php?cid=N00031141&cycle=2012","12/31/2012"
"@attributes","Fitzpatrick, Michael G","N00027229","2012","PA","R","H","2010","2012","2672026.97","2586003.8","114083.2","16000","Center for Responsive Politics","http://www.opensecrets.org/politicians/summary.php?cid=N00027229&cycle=2012","12/31/2012"
"@attributes","Flake, Jeff","N00009573","2012","AZ","R","H","2000","2012","9026951","9557420","97360","0","Center for Responsive Politics","http://www.opensecrets.org/politicians/summary.php?cid=N00009573&cycle=2012","12/31/2012"
"@attributes","Fleischmann, Chuck","N00030815","2012","TN","R","H","2010","2012","1412229.34","1398209.9","21214.64","226537.69","Center for Responsive Politics","http://www.opensecrets.org/politicians/summary.php?cid=N00030815&cycle=2012","12/31/2012"
"@attributes","Fleming, John","N00029679","2012","LA","R","H","2008","2012","1619170.44","992745.27","481211.43","248735.08","Center for Responsive Politics","http://www.opensecrets.org/politicians/summary.php?cid=N00029679&cycle=2012","12/31/2012"
"@attributes","Flores, Bill","N00031545","2012","TX","R","H","2010","2012","1301528.91","1059094.75","206122.19","538000","Center for Responsive Politics","http://www.opensecrets.org/politicians/summary.php?cid=N00031545&cycle=2012","12/31/2012"
"@attributes","Forbes, Randy","N00013799","2012","VA","R","H","2001","2012","1077552.25","1240932.22","189862.55","0","Center for Responsive Politics","http://www.opensecrets.org/politicians/summary.php?cid=N00013799&cycle=2012","12/31/2012"
"@attributes","Fortenberry, Jeff","N00026631","2012","NE","R","H","2004","2012","698413.78","381321.91","770946.77","0","Center for Responsive Politics","http://www.opensecrets.org/politicians/summary.php?cid=N00026631&cycle=2012","12/31/2012"
"@attributes","Foxx, Virginia","N00026166","2012","NC","R","H","2004","2012","972460.35","721824.4","1455074.42","0","Center for Responsive Politics","http://www.opensecrets.org/politicians/summary.php?cid=N00026166&cycle=2012","12/31/2012"
"@attributes","Frank, Barney","N00000275","2012","MA","D","H","1980","2012","760063.77","291495.75","389605.54","0","Center for Responsive Politics","http://www.opensecrets.org/politicians/summary.php?cid=N00000275&cycle=2012","09/30/2011"
"@attributes","Franken, Al","N00029016","2012","MN","D","S","2008","2014","32852599.82","31585184.02","1267414","0","Center for Responsive Politics","http://www.opensecrets.org/politicians/summary.php?cid=N00029016&cycle=2012","12/31/2012"
"@attributes","Franks, Trent","N00006423","2012","AZ","R","H","2002","2012","376998.03","354105.03","-4450.06","300586.4","Center for Responsive Politics","http://www.opensecrets.org/politicians/summary.php?cid=N00006423&cycle=2012","12/31/2012"
"@attributes","Frelinghuysen, Rodney","N00000684","2012","NJ","R","H","1994","2012","1101627.89","1184498.09","242438.76","441079","Center for Responsive Politics","http://www.opensecrets.org/politicians/summary.php?cid=N00000684&cycle=2012","12/31/2012"
"@attributes","Fudge, Marcia L","N00030490","2012","OH","D","H","2008","2012","689197.47","711755.19","200102.87","0","Center for Responsive Politics","http://www.opensecrets.org/politicians/summary.php?cid=N00030490&cycle=2012","12/31/2012"
"@attributes","Gallegly, Elton","N00007231","2012","CA","R","H","1986","2012","231641.32","158462.75","823987.56","0","Center for Responsive Politics","http://www.opensecrets.org/politicians/summary.php?cid=N00007231&cycle=2012","09/30/2011"
"@attributes","Garamendi, John","N00030856","2012","CA","D","H","2009","2012","2065819.12","2064921.97","40280.08","62564.65","Center for Responsive Politics","http://www.opensecrets.org/politicians/summary.php?cid=N00030856&cycle=2012","12/31/2012"
"@attributes","Gardner, Cory","N00030780","2012","CO","R","H","2010","2012","2295599.73","1849386.33","465202.03","0","Center for Responsive Politics","http://www.opensecrets.org/politicians/summary.php?cid=N00030780&cycle=2012","12/31/2012"
"@attributes","Garrett, Scott","N00000743","2012","NJ","R","H","2002","2012","2392464.98","1105176.9","2148218.03","0","Center for Responsive Politics","http://www.opensecrets.org/politicians/summary.php?cid=N00000743&cycle=2012","12/31/2012"
"@attributes","Gerlach, Jim","N00025025","2012","PA","R","H","2002","2012","2234892.13","2108953.16","254009.3","0","Center for Responsive Politics","http://www.opensecrets.org/politicians/summary.php?cid=N00025025&cycle=2012","12/31/2012"
"@attributes","Gibbs, Bob","N00031128","2012","OH","R","H","2010","2012","1550088.19","1347805.92","234651.89","17500","Center for Responsive Politics","http://www.opensecrets.org/politicians/summary.php?cid=N00031128&cycle=2012","12/31/2012"
"@attributes","Gibson, Chris","N00031998","2012","NY","R","H","2010","2012","2177704.7","2153688.97","15015.92","1350","Center for Responsive Politics","http://www.opensecrets.org/politicians/summary.php?cid=N00031998&cycle=2012","12/31/2012"
"@attributes","Giffords, Gabrielle","N00027829","2012","AZ","D","H","2006","2012","873551.83","280117.25","878935.82","0","Center for Responsive Politics","http://www.opensecrets.org/politicians/summary.php?cid=N00027829&cycle=2012","09/30/2011"
"@attributes","Gillibrand, Kirsten","N00027658","2012","NY","D","S","2009","2012","15735457","14257872","1973971","0","Center for Responsive Politics","http://www.opensecrets.org/politicians/summary.php?cid=N00027658&cycle=2012","12/31/2012"
"@attributes","Gingrey, Phil","N00024760","2012","GA","R","H","2002","2012","1720190.35","1140885.35","1871933.74","0","Center for Responsive Politics","http://www.opensecrets.org/politicians/summary.php?cid=N00024760&cycle=2012","12/31/2012"
"@attributes","Gohmert, Louis B Jr","N00026148","2012","TX","R","H","2004","2012","742346.57","759161.55","96736.27","0","Center for Responsive Politics","http://www.opensecrets.org/politicians/summary.php?cid=N00026148&cycle=2012","12/31/2012"
"@attributes","Gonzalez, Charlie A","N00005960","2012","TX","D","H","1998","2012","417269.1","215030.66","271972.25","0","Center for Responsive Politics","http://www.opensecrets.org/politicians/summary.php?cid=N00005960&cycle=2012","09/30/2011"
"@attributes","Goodlatte, Bob","N00009154","2012","VA","R","H","1992","2012","1606587.55","1888067.43","513735","0","Center for Responsive Politics","http://www.opensecrets.org/politicians/summary.php?cid=N00009154&cycle=2012","12/31/2012"
"@attributes","Gosar, Paul","N00030771","2012","AZ","R","H","2010","2012","1150701.15","1126649.26","24791.4","31270.44","Center for Responsive Politics","http://www.opensecrets.org/politicians/summary.php?cid=N00030771&cycle=2012","12/31/2012"
"@attributes","Gowdy, Trey","N00030880","2012","SC","R","H","2010","2012","728767.38","533277.97","270956.68","0","Center for Responsive Politics","http://www.opensecrets.org/politicians/summary.php?cid=N00030880&cycle=2012","12/31/2012"
"@attributes","Graham, Lindsey","N00009975","2012","SC","R","S","2002","2014","7630218","5848508","4412522","0","Center for Responsive Politics","http://www.opensecrets.org/politicians/summary.php?cid=N00009975&cycle=2012","12/31/2012"
"@attributes","Granger, Kay","N00008799","2012","TX","R","H","1996","2012","1375456.6","1369512.32","119142.92","4164.06","Center for Responsive Politics","http://www.opensecrets.org/politicians/summary.php?cid=N00008799&cycle=2012","12/31/2012"
"@attributes","Grassley, Chuck","N00001758","2012","IA","R","S","1980","2016","7441585","7870558","1559311","13216","Center for Responsive Politics","http://www.opensecrets.org/politicians/summary.php?cid=N00001758&cycle=2012","12/31/2012"
"@attributes","Graves, Sam","N00013323","2012","MO","R","H","2000","2012","1357980.82","1132802.98","255139.92","5522.41","Center for Responsive Politics","http://www.opensecrets.org/politicians/summary.php?cid=N00013323&cycle=2012","12/31/2012"
"@attributes","Graves, Tom","N00030788","2012","GA","R","H","2010","2012","1179676.68","1126844.4","55946.8","0","Center for Responsive Politics","http://www.opensecrets.org/politicians/summary.php?cid=N00030788&cycle=2012","12/31/2012"
